INSERT INTO ABCDistributorDB.country (country_id,country_name,country_abbr) VALUES
(001,'The United States Of America','USA'),
(002,'Canada','CAN'),
(003,'Mexico','MEX');

INSERT INTO ABCDistributorDB.state (state_id,state_name,state_abbr,state_country_id) VALUES
(001,'Califonia','CA',001),
(002,'Pennsylvania','PA',001),
(003,'New York','NY',001),
(004,'Texas','TX',001),
(005,'British Columbia','BC',002),
(006,'Ontario','ON',002),
(007,'Quebec','QC',002),
(008,'Yukon','YT',002),
(009,'COAHUILA','CH',003),
(010,'DURANGO','DG',003),
(011,'GUERRERO','GE	',003),
(012,'HIDALGO','HD',003);

INSERT INTO ABCDistributorDB.city (city_id,city_name,city_state_id) VALUES
(001,'Los Angeles',001),
(002,'San Francisco',001),
(003,'Pittsburgh',002),
(004,'Philadelphia',002),
(005,'New York City',003),
(006,'Brooklyn',003),
(007,'Dallas',004),
(008,'Houston',004),
(009,'Vancouver',005),
(010,'Victoria',005),
(011,'Toronto',006),
(012,'Ottawa',006),
(013,'Montréal',007),
(014,'Québec City',007),
(015,'Whitehorse',008),
(016,'Dawson City',008),
(017,'Saltillo',009),
(018,'Monclova',009),
(019,'El Salto',010),
(020,'Lerdo',010),
(021,'Iguala',011),
(022,'Cocula',011),
(023,'Tepeji',012),
(024,'Actopan',012);

INSERT INTO ABCDistributorDB.zip_code (zip_code_id,zip_code_num) VALUES
(001,90001),
(002,94015),
(003,15204),
(004,19019),
(005,10011),
(006,11201),
(007,75006),
(008,77423),
(009,'V5Y'),
(010,'V8P'),
(011,'M2N'),
(012,'K1A'),
(013,'H3A'),
(014,'G5H'),
(015,' Y1A 5B4'),
(016,'Y0B 0A3'),
(017,25000),
(018,25700),
(019,45680),
(020,35150),
(021,40023),
(022,48500),
(023,42850),
(024,42500);

INSERT INTO ABCDistributorDB.address (address_id,address_street,address_city_id,address_zip_code_id) VALUES
(001,'932 High Ridge Ave',001,001),
(002,'279 SW. Center St',002,002),
(003,'922 East Blue Spring Ave',003,003),
(004,'8308 West Lookout Ave',004,004),
(005,'52 John Ave',005,005),
(006,'587 Silver Spear Dr',006,006),
(007,'8517 Hickory St',007,007),
(008,'Amerige Road',008,008),
(009,'132 Glen Creek St',009,009),
(010,'445 Center St',010,010),
(011,'7371 Mill Pond St',011,011),
(012,'987 Rose St',012,012),
(013,'942 County Road',013,013),
(014,'15 Birchpond St',014,014),
(015,'1 Cooper St',015,015),
(016,'8479 Corona Lane',016,016),
(017,'ALVARO OBREGON 999 210',017,017),
(018,'GRAL PIÑA NO. 172',018,018),
(019,'NATIVIDAD GARZA NO. 29',019,019),
(020,'HIDALGO 512 SUR',020,020),
(021,'CARR TAMPICO-MANTE 2005-C PLANTA ALTA',021,021),
(022,'PASEO DE LOS HEROES 9911-B',022,022),
(023,'LEGARIA NO. 449',023,023),
(024,'INDEPENDENCIA 1857',024,024),
(025,'CUESTA HERMOSA NO. 43',021,021),
(026,'RIO ASUNCION NO 145',018,018),
(027,'JOSE ANTONIO TORRES NO. 28',020,020),
(028,'9733 Baker St',001,001),
(029,'8446 Thompson St',005,005),
(030,'523 Cedarwood St',007,007),
(031,'24 Ocean St',016,016),
(032,'407 NE. Glenridge Ave',010,010),
(033,'3 Hilltop Str',015,015),
(034,'496 Walnutwood St',011,011),
(035,'131 South Miles St',001,001);

INSERT INTO ABCDistributorDB.contact 
(contact_id,first_name,last_name,middle_name,orginazation_name,address_id,primary_phone,secondary_phone,fax,email) VALUES
(001,'Adrienne','Estes','','',001,'(507)640-6761','(787)985-2444','','adrienneestes@gmail.com'),
(002,'Sylvia','Hart','A','',002,'(214)735-1814','(309)310-2547','','sylviahart@gmail.com'),
(003,'Brooklynn','Hart','','',002,'(339)883-3350','(309)310-2547','','brooklynnhart@gmail.com'),
(004,'Kaiya','Flynn','','',004,'(407)782-2891','','','Kaiyaflynn@gmail.com'),
(005,'Dennis','Perry','','',005,'(631)604-8563','','','dennisperry@gmail.com'),
(006,'Chloe','Avery','','',001,'(574)283-2888','(574)283-2889','','chloeavery@gmail.com'),
(007,'Jenny','Reed','','',011,'(315)893-7391','(315)893-7392','','jennyreed@gmail.com'),
(008,'Todd','Farley','','',016,'(225)200-9700','(225)200-9701','','toddfarley@gmail.com'),
(009,'Oliver','Hansen','','',018,'(646)879-3995','','','oliverhansen@gmail.com'),
(010,'Dominique','Hill','','Schroeder LLC',030,'(512)999-6251','(512)999-6252','(512)999-6251','dhill@schroederllc.com'),
(011,'Ahmad','Monroe','G','Hintz Group',020,'(602)544-2208','(602)544-2209','(602)544-2210','amonroe@hintz.com'),
(012,'Walker','Larsen','F','Hansen-Kris Ltd',013,'(208)634-3520','(208)634-3521','(208)634-3522','walkerlarson@hansenkri.com'),
(013,'Cody','Singleton','','Torphy Ltd',023,'(032)713-6659','(340)713-6660','(340)713-6661','csingleton@trophy.com'),
(014,'Coleman','Mclaughlin','A','Dickinson LLC',021,'(507)640-6761','(787)985-2444','','csingleton@dickenson.com'),
(015,'Rodney','Henry','C','Denesik and Sons',015,'(310)278-3666','(310)278-3667','(310)278-3668','rdhenry@denesikandsons.com'),
(016,'Gilbert','Dawson','E','Hirthe LLC',019,'(470)729-5988','','(470)729-5989','gdawson@hirthe.com'),
(017,'Megan','Quinn','','Dach Group',017,'(256)657-2055','(256)657-2056','(256)657-2057','meganquinn@dach.com'),
(018,'Elianna','Abbott','G','Schroeder-Mayer',008,'(510)812-1643','(510)812-1644','(510)812-1645','elianna.abbott@smayer.com');

INSERT INTO ABCDistributorDB.customer (customer_id,customer_num,customer_contact_id) VALUES
(001,'C001',001),
(002,'C002',002),
(003,'C003',003),
(004,'C004',004),
(005,'C005',005),
(006,'C006',006),
(007,'C007',007),
(008,'C008',008),
(009,'C009',009);

INSERT INTO ABCDistributorDB.vendor (vendor_id,vendor_num,vendor_contact_id) VALUES
(001,'V001',010),
(002,'V002',011),
(003,'V003',012),
(004,'V004',013),
(005,'V005',014),
(006,'V006',015),
(007,'V007',018);

INSERT INTO ABCDistributorDB.product_category (product_category_id,product_category_name) VALUES
(001,'Grocery'),
(002,'Clothes'),
(003,'Personal Care'),
(004,'Office'),
(005,'Electronic'),
(006,'Appliance'),
(007,'Automobile'),
(008,'Sports'),
(009,'Toy'),
(010,'Furniture');

INSERT INTO ABCDistributorDB.unit (unit_id,unit_name) VALUES
(001,'Each'),
(002,'Box'),
(003,'Package'),
(004,'Carton'),
(005,'Bottle'),
(006,'Gallon'),
(007,'Piece'),
(008,'Dozen');

INSERT INTO ABCDistributorDB.product 
(product_id,product_sku,product_name,product_discription,product_category_id,product_unit_id,product_unit_price,product_image_url_1) VALUES
(001,'26438674','Milk','Organic Milk 2% Reduced',001,001,3.49,''),
(002,'45888365','Egg','Organic Egg White AA',001,008,3.99,''),
(003,'75357467','Apple Juice','Organic Apple Juice',001,005,1.49,''),
(004,'26423651','Chocolate','Chocolate,Extra Dark with Caramal',001,007,2.99,''),
(005,'26764723','TShirt','TShirt,White L',002,003,12.49,''),
(006,'26464322','Jacket','Jacket, Red M',002,001,19.49,''),
(007,'26436424','Jeans','Jeans,Navy 34*32',002,001,25.99,''),
(008,'26424674','Hand Soup','Ocean Breeze',004,001,1.49,''),
(009,'26447255','Shampoo','Organic 2 in 1',004,005,7.49,''),
(010,'26453454','Printing Paper','White A4 500*12',004,002,23.49,''),
(011,'42553674','Ink Cartridge','BK & CLR XXL',004,003,45.99,''),
(012,'23452374','Notebook','Notebook, Cartoon Series',004,001,4.49,''),
(013,'54328444','HDMI Cable','HDMI Cable 10Ft',005,003,23.49,''),
(014,'26438674','Battery','AAA Battery 48PK',005,003,16.99,''),
(015,'43246735','Surge Protector','18Gauge 12 Outlets',005,004,23.49,''),
(016,'65386756','Engine Oil','5W40 Engine Oil',007,003,12.49,''),
(017,'64328622','Windshield Cleaner','1.5 Gallon Windshield Cleaner',007,001,7.49,''),
(018,'52346423','Air Refresher','Air Refresher, Hawaii Bloom 3PK',007,003,8.49,''),
(019,'53486522','Basketball','NBA Basketball 2022',008,001,15.49,''),
(020,'64336442','Dumbbell Set','Dumbell Set 20LBS',008,004,29.99,''),
(021,'62467445','Tent','Tent Blue XL',008,001,59.99,''),
(022,'62466453','Matchbox Car','Matchbox Car 2001 models',009,002,5.49,''),
(023,'24286522','Baby Shark','Baby Shark',009,001,6.49,''),
(024,'21556112','Pop It','Pop It Muliti-Color',009,001,2.49,''),
(025,'22334234','Foldable Desk','Foldable Desk, Heavyduty 8FT',010,001,48.99,''),
(026,'26438674','Foldable Chair','Foldable Chair, Heavyduty',010,001,14.99,''),
(027,'45326235','Bread Toaster','Bread Toaster Stainless Steel',006,001,19.99,''),
(028,'42674234','Coffee Maker','Coffee Maker,Automatic',006,001,29.99,'');
